Workbook

Sheet Meta
A1: Run | B1: Shark_size | C1: Weight | D1: Tag/Shark_weight | E1: Tag/shark_area | F1: Tag | G1: Tag_weight | H1: Tag_frontal_area | I1: Velocity | J1: Ref_area | K1: Cells | L1: Quality | M1: Iteration
A2: 120_0.5_NA | B2: 1.2 | C2: 8470.56 | D2: 0.011805595 | E2: 0.10866729 | F2: NO | G2: 100 | H2: 0.00157084 | I2: 0.5 | J2: 0.0144555 | K2: 6110226 | L2: 0.5757 | M2: 2000
A3: 120_0.5_T | B3: 1.2 | C3: 8470.56 | D3: 0.011805595 | E3: 0.10866729 | F3: YES | G3: 100 | H3: 0.00157084 | I3: 0.5 | J3: 0.0144555 | K3: 3933008 | L3: 0.3835 | M3: 2000
A4: 80_1_NA | B4: 0.8 | C4: 2624.27 | D4: 0.038105835 | E4: 0.16300093 | F4: NO | G4: 100 | H4: 0.00157084 | I4: 1 | J4: 0.009637 | K4: 5966981 | L4: 0.585 | M4: 2000
A5: 100_1_NA | B5: 1 | C5: 5001.24 | D5: 0.019995041 | E5: 0.13040075 | F5: NO | G5: 100 | H5: 0.00157084 | I5: 1 | J5: 0.01204625 | K5: 6742979 | L5: 0.556 | M5: 2000
A6: 120_1_NA | B6: 1.2 | C6: 8470.56 | D6: 0.011805595 | E6: 0.10866729 | F6: NO | G6: 100 | H6: 0.00157084 | I6: 1 | J6: 0.0144555 | K6: 6110393 | L6: 0.576 | M6: 2000
A7: 160_1_NA | B7: 1.6 | C7: 19452.92 | D7: 0.0051406164 | E7: 0.081500467 | F7: NO | G7: 100 | H7: 0.00157084 | I7: 1 | J7: 0.019274 | K7: 4154136 | L7: 0.501 | M7: 2000
A8: 80_1_T | B8: 0.8 | C8: 2624.27 | D8: 0.038105835 | E8: 0.16300093 | F8: YES | G8: 100 | H8: 0.00157084 | I8: 1 | J8: 0.009637 | K8: 4520569 | L8: 0.494 | M8: 2000
A9: 100_1_T | B9: 1 | C9: 5001.24 | D9: 0.019995041 | E9: 0.13040345 | F9: YES | G9: 100 | H9: 0.00157084 | I9: 1 | J9: 0.012046 | K9: 4726084 | L9: 0.502 | M9: 2000
A10: 120_1_T | B10: 1.2 | C10: 8470.56 | D10: 0.011805595 | E10: 0.10866729 | F10: YES | G10: 100 | H10: 0.00157084 | I10: 1 | J10: 0.0144555 | K10: 3934513 | L10: 0.389 | M10: 2000
A11: 160_1_T | B11: 1.6 | C11: 19452.92 | D11: 0.0051406164 | E11: 0.081500467 | F11: YES | G11: 100 | H11: 0.00157084 | I11: 1 | J11: 0.019274 | K11: 3469121 | L11: 0.417 | M11: 2000
A12: 80_2.5_NA | B12: 0.8 | C12: 2624.27 | D12: 0.038105835 | E12: 0.16300093 | F12: NO | G12: 100 | H12: 0.00157084 | I12: 2.5 | J12: 0.009637 | K12: 5966851 | L12: 0.5834 | M12: 2000
A13: 120_2.5_NA | B13: 1.2 | C13: 8470.56 | D13: 0.011805595 | E13: 0.10866729 | F13: NO | G13: 100 | H13: 0.00157084 | I13: 2.5 | J13: 0.0144555 | K13: 6110393 | L13: 0.576 | M13: 2000
... A17: 160_2.5_T | B17: 1.6 | C17: 19452.92 | D17: 0.0051406164 | E17: 0.081500467 | F17: YES | G17: 100 | H17: 0.00157084 | I17: 2.5 | J17: 0.019274 | K17: 3469121 | L17: 0.417 | M17: 2000

Sheet Simulations
A1: Run | B1: Shark size | C1: Weight | D1: Tag/Shark weight | E1: Tag/shark area | F1: Tag | G1: Tag weight | H1: Tag frontal area | I1: Velocity(m/s) | J1: Reference area | K1: Cells | L1: Quality | M1: Iteration | N1: PRESSURE_FORCE_X | O1: PRESSURE_FORCE_Y | P1: PRESSURE_FORCE_Z | Q1: TOTAL_FORCE_X | R1: TOTAL_FORCE_Y | S1: TOTAL_FORCE_Z | T1: VISCOUS_FORCE_X | U1: VISCOUS_FORCE_Y | V1: VISCOUS_FORCE_Z | W1: Delta_Total_X | Y1: Delta_power | Z1: Metabolic_energy_W | AA1: Metabolic_energy_J | AB1: Daily_energy_penalty
A2: 120_0.5_NA | B2: 1.2 | C2: 8470.56 | D2: =G2/C2 -> 0.012395875 | E2: =H2/J2 -> 0.10866729 | F2: NO | G2: 105 | H2: 0.00157084 | I2: 0.5 | J2: 0.0144555 | K2: 6110226 | L2: 0.5757 | M2: 2000 | N2: 0.40210746 | O2: 0.051370672 | P2: 1.8937775 | Q2: 0.71392146 | R2: 0.053410624 | S2: 1.8702867 | T2: 0.311814 | U2: 0.0020399528 | V2: -0.023490853 | W2: =Q3-Q2 -> 0.039814798 | X2: =W2/Q2 -> 0.055769157
A3: 120_0.5_T | B3: 1.2 | C3: 8470.56 | D3: =G3/C3 -> 0.012395875 | E3: =H3/J3 -> 0.10866729 | F3: YES | G3: 105 | H3: 0.00157084 | I3: 0.5 | J3: 0.0144555 | K3: 3933008 | L3: 0.3835 | M3: 2000 | N3: 0.44223553 | O3: 0.14103252 | P3: 1.9121651 | Q3: 0.75373626 | R3: 0.14155139 | S3: 1.8874373 | T3: 0.31150073 | U3: 0.0005188761 | V3: -0.024727873
A4: 80_1_NA | B4: 0.8 | C4: 2624.27 | D4: =G4/C4 -> 0.040011127 | E4: =H4/J4 -> 0.16300093 | F4: NO | G4: 105 | H4: 0.00157084 | I4: 1 | J4: 0.009637 | K4: 5966981 | L4: 0.585 | M4: 2000 | N4: 0.70169748 | O4: 0.071015664 | P4: 3.4241769 | Q4: 1.2232437 | R4: 0.072152297 | S4: 3.3839333 | T4: 0.52154621 | U4: 0.0011366336 | V4: -0.040243633 | W4: =Q12-Q4 -> 5.8439503 | X4: =W4/Q4 -> 4.7774211
A5: 100_1_NA | B5: 1 | C5: 5001.24 | D5: =G5/C5 -> 0.020994793 | E5: =H5/J5 -> 0.13040075 | F5: NO | G5: 105 | H5: 0.00157084 | I5: 1 | J5: 0.01204625 | K5: 6742979 | L5: 0.556 | M5: 2000 | N5: 1.028104 | O5: -0.057974313 | P5: 5.5282483 | Q5: 1.8268602 | R5: -0.055151105 | S5: 5.468983 | T5: 0.79875614 | U5: 0.0028232075 | V5: -0.059265355
A6: 120_1_NA | B6: 1.2 | C6: 8470.56 | D6: =G6/C6 -> 0.012395875 | E6: =H6/J6 -> 0.10866729 | F6: NO | G6: 105 | H6: 0.00157084 | I6: 1 | J6: 0.0144555 | K6: 6110393 | L6: 0.576 | M6: 2000 | N6: 1.5495703 | O6: 0.22861493 | P6: 7.8712048 | Q6: 2.6668486 | R6: 0.2342753 | S6: 7.7844838 | T6: 1.1172783 | U6: 0.0056603761 | V6: -0.086721066 | W6: =Q13-Q6 -> 12.755623 | X6: =W6/Q6 -> 4.7830322
A7: 160_1_NA | B7: 1.6 | C7: 19452.92 | D7: =G7/C7 -> 0.0053976472 | E7: =H7/J7 -> 0.081500467 | F7: NO | G7: 105 | H7: 0.00157084 | I7: 1 | J7: 0.019274 | K7: 4154136 | L7: 0.501 | M7: 2000 | N7: 2.5977215 | O7: -0.008675753 | P7: 14.157378 | Q7: 4.5328687 | R7: -0.00090626073 | S7: 14.008553 | T7: 1.9351472 | U7: 0.0077694923 | V7: -0.14882449 | W7: =Q14-Q7 -> 21.625156 | X7: =W7/Q7 -> 4.7707441
A8: 80_1_T | B8: 0.8 | C8: 2624.27 | D8: =G8/C8 -> 0.040011127 | E8: =H8/J8 -> 0.16300093 | F8: YES | G8: 105 | H8: 0.00157084 | I8: 1 | J8: 0.009637 | K8: 4520569 | L8: 0.494 | M8: 2000 | N8: 1.0220358 | O8: 0.55874414 | P8: 3.4216533 | Q8: 1.555508 | R8: 0.55730316 | S8: 3.3809264 | T8: 0.53347221 | U8: -0.0014409804 | V8: -0.040726897 | W8: =Q8-Q4 -> 0.3322643 | X8: =(Q8-Q4)/Q4 -> 0.2716256 | Y8: =W8*I8 -> 0.3322643 | Z8: =Y8/0.25 -> 1.3290572 | AA8: =Z8*3600 -> 4784.6059 | AB8: =AA8*24/1000 -> 114.83054 | AD8: =LOG(X8) -> -0.56602931 | AE8: =LOG(B8) -> -0.096910013
A9: 100_1_T | B9: 1 | C9: 5001.24 | D9: =G9/C9 -> 0.020994793 | E9: =H9/J9 -> 0.13040345 | F9: YES | G9: 105 | H9: 0.00157084 | I9: 1 | J9: 0.012046 | K9: 4726084 | L9: 0.502 | M9: 2000 | N9: 1.4233265 | O9: 0.60036775 | P9: 5.5058184 | Q9: 2.2081704 | R9: 0.59842657 | S9: 5.4459071 | T9: 0.78484391 | U9: -0.0019411796 | V9: -0.059911254 | W9: =Q9-Q5 -> 0.3813102 | X9: =(Q9-Q5)/Q5 -> 0.20872435
A10: 120_1_T | B10: 1.2 | C10: 8470.56 | D10: =G10/C10 -> 0.012395875 | E10: =H10/J10 -> 0.10866729 | F10: YES | G10: 105 | H10: 0.00157084 | I10: 1 | J10: 0.0144555 | K10: 3934513 | L10: 0.389 | M10: 2000 | N10: 1.712618 | O10: 0.53985957 | P10: 7.8580942 | Q10: 2.8232819 | R10: 0.53927933 | S10: 7.7685744 | T10: 1.1106639 | U10: -0.00058024251 | V10: -0.089519804 | W10: =Q10-Q6 -> 0.15643335 | X10: =(Q10-Q6)/Q6 -> 0.058658503 | Y10: =W10*I10 -> 0.15643335 | Z10: =Y10/0.25 -> 0.62573339 | AA10: =Z10*3600 -> 2252.6402 | AB10: =AA10*24/1000 -> 54.063365 | AD10: =LOG(X10) -> -1.231669 | AE10: =LOG(B10) -> 0.079181246
A11: 160_1_T | B11: 1.6 | C11: 19452.92 | D11: =G11/C11 -> 0.0053976472 | E11: =H11/J11 -> 0.081500467 | F11: YES | G11: 105 | H11: 0.00157084 | I11: 1 | J11: 0.019274 | K11: 3469121 | L11: 0.417 | M11: 2000 | N11: 2.8213612 | O11: 0.73639514 | P11: 14.125563 | Q11: 4.7349879 | R11: 0.74178779 | S11: 13.968604 | T11: 1.9136266 | U11: 0.0053926549 | V11: -0.15695865 | W11: =Q11-Q7 -> 0.20211917 | X11: =(Q11-Q7)/Q7 -> 0.044589681 | Y11: =W11*I11 -> 0.20211917 | Z11: =Y11/0.25 -> 0.80847667 | AA11: =Z11*3600 -> 2910.516 | AB11: =AA11*24/1000 -> 69.852384 | AD11: =LOG(X11) -> -1.3507656 | AE11: =LOG(B11) -> 0.20411998
A12: 80_2.5_NA | B12: 0.8 | C12: 2624.27 | D12: =G12/C12 -> 0.040011127 | E12: =H12/J12 -> 0.16300093 | F12: NO | G12: 105 | H12: 0.00157084 | I12: 2.5 | J12: 0.009637 | K12: 5966851 | L12: 0.5834 | M12: 2000 | N12: 4.1730546 | O12: 0.63712068 | P12: 22.201856 | Q12: 7.067194 | R12: 0.64062482 | S12: 21.980109 | T12: 2.8941393 | U12: 0.0035041377 | V12: -0.22174679 | W12: =Q15-Q8 -> 7.6557904 | X12: =W12/Q8 -> 4.9217301
A13: 120_2.5_NA | B13: 1.2 | C13: 8470.56 | D13: =G13/C13 -> 0.012395875 | E13: =H13/J13 -> 0.10866729 | F13: NO | G13: 105 | H13: 0.00157084 | I13: 2.5 | J13: 0.0144555 | K13: 6110393 | L13: 0.576 | M13: 2000 | N13: 9.2803471 | O13: 1.9609108 | P13: 50.73192 | Q13: 15.422471 | R13: 1.9844145 | S13: 50.262061 | T13: 6.142124 | U13: 0.023503712 | V13: -0.46985891 | W13: =Q16-Q10 -> 13.543796 | X13: =W13/Q10 -> 4.7971817
A14: 160_2.5_NA | B14: 1.6 | C14: 19452.92 | D14: =G14/C14 -> 0.0053976472 | E14: =H14/J14 -> 0.081500467 | F14: NO | G14: 105 | H14: 0.00157084 | I14: 2.5 | J14: 0.019274 | K14: 4154136 | L14: 0.501 | M14: 2000 | N14: 15.675204 | O14: -0.14762267 | P14: 90.185035 | Q14: 26.158025 | R14: -0.12107876 | S14: 89.410634 | T14: 10.482821 | U14: 0.026543918 | V14: -0.77440071 | W14: =Q17-Q11 -> 22.633323 | X14: =W14/Q11 -> 4.7800171
A15: 80_2.5_T | B15: 0.8 | C15: 2624.27 | D15: =G15/C15 -> 0.040011127 | E15: =H15/J15 -> 0.16300093 | F15: YES | G15: 105 | H15: 0.00157084 | I15: 2.5 | J15: 0.009637 | K15: 4520569 | L15: 0.494 | M15: 2000 | N15: 6.2525024 | O15: 3.4126924 | P15: 21.85678 | Q15: 9.2112984 | R15: 3.3980093 | S15: 21.633712 | T15: 2.958796 | U15: -0.014683121 | V15: -0.22306841 | W15: =Q15-Q12 -> 2.1441044 | X15: =(Q15-Q12)/Q12 -> 0.30338837 | Y15: =W15*I15 -> 5.3602611 | Z15: =Y15/0.25 -> 21.441044 | AA15: =Z15*3600 -> 77187.759 | AB15: =AA15*24/1000 -> 1852.5062
A16: 120_2.5_T | B16: 1.2 | C16: 8470.56 | D16: =G16/C16 -> 0.012395875 | E16: =H16/J16 -> 0.10866729 | F16: YES | G16: 105 | H16: 0.00157084 | I16: 2.5 | J16: 0.0144555 | K16: 3934513 | L16: 0.389 | M16: 2000 | N16: 10.306791 | O16: 3.4177589 | P16: 50.326511 | Q16: 16.367078 | R16: 3.4052689 | S16: 49.855072 | T16: 6.0602875 | U16: -0.012489987 | V16: -0.47143933 | W16: =Q16-Q13 -> 0.94460703 | X16: =(Q16-Q13)/Q13 -> 0.061248746 | Y16: =W16*I16 -> 2.3615176 | Z16: =Y16/0.25 -> 9.4460703 | AA16: =Z16*3600 -> 34005.853 | AB16: =AA16*24/1000 -> 816.14047
A17: 160_2.5_T | B17: 1.6 | C17: 19452.92 | D17: =G17/C17 -> 0.0053976472 | E17: =H17/J17 -> 0.081500467 | F17: YES | G17: 105 | H17: 0.00157084 | I17: 2.5 | J17: 0.019274 | K17: 3469121 | L17: 0.417 | M17: 2000 | N17: 17.049517 | O17: 3.9616121 | P17: 89.978048 | Q17: 27.368311 | R17: 3.9782086 | S17: 89.150352 | T17: 10.318794 | U17: 0.016596562 | V17: -0.82769564 | W17: =Q17-Q14 -> 1.2102857 | X17: =(Q17-Q14)/Q14 -> 0.046268239 | Y17: =W17*I17 -> 3.0257144 | Z17: =Y17/0.25 -> 12.102857 | AA17: =Z17*3600 -> 43570.287 | AB17: =AA17*24/1000 -> 1045.6869
Z20: =X15/X8 -> 1.1169358
Z21: =X17/X11 -> 1.0376445

Sheet Mesh dependancy
A1: Run | B1: Input mesh | C1: Shark size | D1: Tag | E1: Velocity(m/s) | F1: Algorithm | G1: Fineness | H1: Volumes | I1: Nodes | J1: Max NonO | K1: Quality score | L1: PRESSURE_FORCE_X | M1: PRESSURE_FORCE_Y | N1: PRESSURE_FORCE_Z | O1: TOTAL_FORCE_X | P1: TOTAL_FORCE_Y | Q1: TOTAL_FORCE_Z | R1: VISCOUS_FORCE_X | S1: VISCOUS_FORCE_Y | T1: VISCOUS_FORCE_Z | U1: Column1
A2: Pre | B2: Remodelled251023_remeshed_reducedIII | C2: 80 | D2: NO | E2: 1 | F2: Hex | G2: Fine | H2: 1540100 | I2: 2088741 | J2: 87.97 | K2: 0.46 | L2: 0.90199499 | M2: -0.23043435 | N2: 3.2725546 | O2: 1.4477758 | P2: -0.22981746 | Q2: 3.2375345 | R2: 0.54578076 | S2: 0.00061689228 | T2: -0.035020187
A3: Pre | B3: Remodelled241030_reduced50 | C3: 80 | D3: NO | E3: 1 | F3: Hex | G3: Moderate | H3: 1979896 | I3: 2376287 | J3: 87.85 | K3: 0.52 | L3: 1.091269 | M3: 0.039214826 | N3: 3.5806076 | O3: 1.6530301 | P3: 0.041632205 | Q3: 3.5510481 | R3: 0.56176107 | S3: 0.0024173785 | T3: -0.029559497
A4: Pre | B4: Remodelled251023_remeshed_reducedIII | C4: 80 | D4: NO | E4: 1 | F4: Standard | G4: 5 | H4: 3555913 | I4: 989374 | J4: 89.1 | L4: 0.94980592 | M4: -0.09348787 | N4: 3.6421473 | O4: 1.4572369 | P4: -0.092793742 | Q4: 3.609153 | R4: 0.50743094 | S4: 0.00069412736 | T4: -0.032994336
A5: Pre | B5: Remodelled241030_reduced50 | C5: 80 | D5: NO | E5: 1 | F5: Hex | G5: Fine | H5: 4103420 | I5: 4852123 | J5: 85.7 | K5: 0.54 | L5: 0.89481191 | M5: -0.01744674 | N5: 3.7225152 | O5: 1.438907 | P5: -0.016382603 | Q5: 3.6865902 | R5: 0.54409513 | S5: 0.0010641379 | T5: -0.035924971
A6: Manual | B6: Remodelled241030_reduced50 | C6: 80 | D6: NO | E6: 1 | F6: Hex | G6: Manual (0.5) | H6: 7657633 | I6: 10124840 | J6: 86.56 | K6: 0.59 | L6: 0.70726252 | M6: 0.0094554272 | N6: 3.382573 | O6: 1.2322474 | P6: 0.011756018 | Q6: 3.3428823 | R6: 0.52498484 | S6: 0.0023005906 | T6: -0.039690676 | U6: 0
A7: Manual | B7: Remodelled241030_reduced50 | C7: 80 | D7: NO | E7: 1 | F7: Hex | G7: Manual (0.65) | H7: 5966981 | I7: 7764503 | J7: 85.44 | K7: 0.59 | L7: 0.7018417 | M7: 0.070943734 | N7: 3.4245739 | O7: 1.2234123 | P7: 0.072080055 | Q7: 3.3843285 | R7: 0.52157058 | S7: 0.0011363216 | T7: -0.040245466 | U7: =L6-Table2[[#This Row],[PRESSURE_FORCE_X]] -> 0.0054208234
A8: Manual | B8: Remodelled241030_reduced50 | C8: 80 | D8: NO | E8: 1 | F8: Hex | G8: Manual (0.725) | H8: 2995024 | I8: 3872601 | J8: 87.35 | K8: 0.5 | L8: 0.72530024 | M8: -0.036593171 | N8: 3.4562615 | O8: 1.2472432 | P8: -0.034369974 | Q8: 3.4172182 | R8: 0.52194297 | S8: 0.0022231977 | T8: -0.039043308 | U8: =L7-Table2[[#This Row],[PRESSURE_FORCE_X]] -> -0.023458535
A9: Manual | B9: Remodelled241030_reduced50 | C9: 80 | D9: NO | E9: 1 | F9: Hex | G9: Manual (5) | H9: 1253214 | I9: 1445283 | J9: 87.11 | K9: 0.61 | L9: 1.1420803 | M9: 0.0076435809 | N9: 3.3990828 | O9: 1.6607752 | P9: 0.0084898031 | Q9: 3.3764144 | R9: 0.51869488 | S9: 0.00084622213 | T9: -0.022668337 | U9: =L8-Table2[[#This Row],[PRESSURE_FORCE_X]] -> -0.41678011
A10: Manual | B10: Remodelled241030_reduced50 | C10: 80 | D10: NO | E10: 1 | F10: Hex | G10: Manual (12) | H10: 643259 | I10: 728039 | J10: 87.38 | K10: 0.64 | L10: 1.6342006 | M10: -0.13900504 | N10: 3.8879978 | O10: 2.1406528 | P10: -0.13966088 | Q10: 3.8591582 | R10: 0.5064522 | S10: -0.0006558394 | T10: -0.028839569 | U10: =L9-Table2[[#This Row],[PRESSURE_FORCE_X]] -> -0.4921203
A11: Manual | B11: Remodelled241030_reduced50 | C11: 80 | D11: NO | E11: 1 | F11: Hex | G11: Manual (15) | H11: 394268 | I11: 468042 | J11: 87.53 | K11: 0.569 | L11: 1.4230766 | M11: 0.014834505 | N11: 2.8775614 | O11: 1.8925259 | P11: 0.01981765 | Q11: 2.8620361 | R11: 0.46944925 | S11: 0.0049831451 | T11: -0.015525218 | U11: =L10-Table2[[#This Row],[PRESSURE_FORCE_X]] -> 0.21112403

Sheet Sheet1
A1: Run | B1: Shark size | C1: Tag | D1: Velocity(m/s) | E1: Vol_Xfront | F1: Vol_Xback | G1: Vol_Y | H1: Vol_Z | I1: Reference length | J1: Reference area | N1: Scaling
A2: 1 | B2: 0.8 | C2: NO | D2: 1 | E2: =5*B2 -> 4 | F2: =10*B2 -> 8 | G2: =$R$4*$B2*5 -> 1.09062 | H2: =$R$4*$B2*5 -> 1.09062 | I2: =B2 -> 0.8 | J2: 0.009637 | P2: TL | Q2: Cephalofoil | R2: Ratio
A3: 4 | B3: 0.8 | C3: YES | D3: 1 | E3: =5*B3 -> 4 | F3: =10*B3 -> 8 | G3: =R$4*B3*5 -> 1.09062 | H3: =$R$4*$B3*5 -> 1.09062 | I3: =B3 -> 0.8 | J3: =J2*1000/N4 -> 0.01204625
A4: 7 | B4: 0.8 | C4: NO | D4: 3 | E4: =5*B4 -> 4 | F4: =10*B4 -> 8 | G4: =R$4*B4*5 -> 1.09062 | H4: =$R$4*$B4*5 -> 1.09062 | I4: =B4 -> 0.8 | J4: =J2*1200/N4 -> 0.0144555 | M4: 592.7 | N4: 800 | P4: 125.8 | Q4: 34.3 | R4: =Q4/P4 -> 0.27265501
A5: 10 | B5: 0.8 | C5: YES | D5: 3 | E5: =5*B5 -> 4 | F5: =10*B5 -> 8 | G5: =R$4*B5*5 -> 1.09062 | H5: =$R$4*$B5*5 -> 1.09062 | I5: =B5 -> 0.8 | J5: =J2*1600/N4 -> 0.019274 | M5: Scaling original to 800 | N5: =N4/M4 -> 1.3497554
B6: 1 | C6: YES | D6: 1 | E6: =5*B6 -> 5 | F6: =10*B6 -> 10 | G6: =$R$4*$B6*5 -> 1.363275 | H6: =$R$4*$B6*5 -> 1.363275 | I6: =B6 -> 1 | M6: 100 | N6: =1000/M4 -> 1.6871942
B7: 1 | C7: NO | D7: 2 | E7: =5*B7 -> 5 | F7: =10*B7 -> 10 | G7: =$R$4*$B7*5 -> 1.363275 | H7: =$R$4*$B7*5 -> 1.363275 | I7: =B7 -> 1 | M7: Scaling 120 | N7: =1200/M4 -> 2.024633
A8: 2 | B8: 1.2 | C8: NO | D8: 1 | E8: =5*B8 -> 6 | F8: =10*B8 -> 12 | G8: =R$4*B8*5 -> 1.63593 | H8: =$R$4*$B8*5 -> 1.63593 | I8: =B8 -> 1.2 | M8: Scaling 160 | N8: =1600/M4 -> 2.6995107
A9: 5 | B9: 1.2 | C9: YES | D9: 1 | E9: =5*B9 -> 6 | F9: =10*B9 -> 12 | G9: =R$4*B9*5 -> 1.63593 | H9: =$R$4*$B9*5 -> 1.63593 | I9: =B9 -> 1.2 | J9: =J5+T19 -> 0.020362393
A10: 8 | B10: 1.2 | C10: NO | D10: 3 | E10: =5*B10 -> 6 | F10: =10*B10 -> 12 | G10: =R$4*B10*5 -> 1.63593 | H10: =$R$4*$B10*5 -> 1.63593 | I10: =B10 -> 1.2
A11: 11 | B11: 1.2 | C11: YES | D11: 3 | E11: =5*B11 -> 6 | F11: =10*B11 -> 12 | G11: =R$4*B11*5 -> 1.63593 | H11: =$R$4*$B11*5 -> 1.63593 | I11: =B11 -> 1.2
A12: 3 | B12: 1.6 | C12: NO | D12: 1 | E12: =5*B12 -> 8 | F12: =10*B12 -> 16 | G12: =R$4*B12*5 -> 2.1812401 | H12: =$R$4*$B12*5 -> 2.1812401 | I12: =B12 -> 1.6 | J12: 0.020362393
A13: 6 | B13: 1.6 | C13: YES | D13: 1 | E13: =5*B13 -> 8 | F13: =10*B13 -> 16 | G13: =R$4*B13*5 -> 2.1812401 | H13: =$R$4*$B13*5 -> 2.1812401 | I13: =B13 -> 1.6
A14: 9 | B14: 1.6 | C14: NO | D14: 3 | E14: =5*B14 -> 8 | F14: =10*B14 -> 16 | G14: =R$4*B14*5 -> 2.1812401 | H14: =$R$4*$B14*5 -> 2.1812401 | I14: =B14 -> 1.6
A15: 12 | B15: 1.6 | C15: YES | D15: 3 | E15: =5*B15 -> 8 | F15: =10*B15 -> 16 | G15: =R$4*B15*5 -> 2.1812401 | H15: =$R$4*$B15*5 -> 2.1812401 | I15: =B15 -> 1.6
R18: Tag
R19: 160 | S19: =848.239+240.154 -> 1088.393 | T19: =S19/1000000 -> 0.001088393
L21: 0.019511389

Sheet Parameters
A1: Parameter | B1: Value
A2: Fluid density | B2: 1024.065

Sheet Simulations_old
A1: Run | B1: Shark size | C1: Tag | D1: Velocity(m/s) | E1: Reference area | F1: FORCE_COEFFICIENT_CD | G1: FORCE_COEFFICIENT_CL | H1: FORCE_COEFFICIENT_CLF | I1: FORCE_COEFFICIENT_CLR | J1: FORCE_COEFFICIENT_CM | K1: PRESSURE_FORCE_X | L1: PRESSURE_FORCE_Y | M1: PRESSURE_FORCE_Z | N1: TOTAL_FORCE_X | O1: TOTAL_FORCE_Y | P1: TOTAL_FORCE_Z | Q1: VISCOUS_FORCE_X | R1: VISCOUS_FORCE_Y | S1: VISCOUS_FORCE_Z
A2: 1 | B2: 0.8 | C2: NO | D2: 1 | E2: 0.009637 | F2: 0.29160392 | G2: 0.7471116 | H2: 0.60154462 | I2: 0.14556698 | J2: 0.22798882 | K2: 0.89481191 | L2: -0.01744674 | M2: 3.7225152 | N2: 1.438907 | O2: -0.016382603 | P2: 3.6865902 | Q2: 0.54409513 | R2: 0.0010641379 | S2: -0.035924971
A3: 2 | B3: 1.2 | C3: NO | D3: 1 | E3: 0.0144555 | F3: =(2*Table1[[#This Row],[TOTAL_FORCE_X]])/(Parameters!$B$2*Table1[[#This Row],[Velocity(m/s)]]^2*Table1[[#This Row],[Reference area]]) -> 0.4308409 | G3: =(2*Table1[[#This Row],[TOTAL_FORCE_Z]])/(Parameters!$B2*Table1[[#This Row],[Velocity(m/s)]]^2*Table1[[#This Row],[Reference area]]) -> 1.1014358 | K3: 2.0526356 | L3: 0.37749244 | M3: 8.2229773 | N3: 3.188949 | O3: 0.37804217 | P3: 8.1524815 | Q3: 1.1363134 | R3: 0.00054972575 | S3: -0.070495826
A4: 3 | B4: 1.6 | C4: NO | D4: 1 | E4: 0.019274 | F4: 0.59423736 | G4: 1.4657762 | H4: 1.3425942 | I4: 0.12318205 | J4: 0.60970607 | K4: 3.910711 | L4: -0.34278494 | M4: 14.579595 | N4: 5.8644776 | O4: -0.34224361 | P4: 14.46562 | Q4: 1.9537667 | R4: 0.00054132833 | S4: -0.11397526
A5: 4 | B5: 0.8 | C5: YES | D5: 1 | E5: 0.009637
A6: 5 | B6: 1.2 | C6: YES | D6: 1 | E6: 0.0144555 | F6: 0.56696034 | G6: 1.0717334 | H6: 0.86548467 | I6: 0.20624877 | J6: 0.32961795 | K6: 3.0557026 | L6: 1.0260398 | M6: 8.0059838 | N6: 4.1964623 | O6: 1.0106116 | P6: 7.9326342 | Q6: 1.1407597 | R6: -0.015428167 | S6: -0.073349591
A7: 6 | B7: 1.6 | C7: YES | D7: 1 | E7: 0.019274 | F7: 0.61557936 | G7: 1.3834861 | H7: 1.1259682 | I7: 0.2575179 | J7: 0.43422514 | K7: 4.4696666 | L7: 0.26832194 | M7: 14.549122 | N7: 6.4181578 | O7: 0.26570386 | P7: 14.424512 | Q7: 1.9484913 | R7: -0.0026180781 | S7: -0.12460984
A8: 7 | B8: 0.8 | C8: NO | D8: 3 | E8: 0.009637 | F8: =(2*Table1[[#This Row],[TOTAL_FORCE_X]])/(Parameters!$B$2*Table1[[#This Row],[Velocity(m/s)]]^2*Table1[[#This Row],[Reference area]]) -> 0.267055 | K8: 7.7493504 | L8: 0.018190965 | M8: 34.850848 | N8: 11.859943 | O8: 0.018888019 | P8: 34.587938 | Q8: 4.110593 | R8: 0.0006970533 | S8: -0.2629109
A9: 8 | B9: 1.2 | C9: NO | D9: 3 | E9: 0.0144555 | F9: =(2*Table1[[#This Row],[TOTAL_FORCE_X]])/(Parameters!$B$2*Table1[[#This Row],[Velocity(m/s)]]^2*Table1[[#This Row],[Reference area]]) -> 0.40251042 | K9: 18.364295 | L9: 3.5857617 | M9: 76.817265 | N9: 26.813301 | O9: 3.5783216 | P9: 76.310191 | Q9: 8.4490057 | R9: -0.0074401347 | S9: -0.50707425
A10: 9 | B10: 1.6 | C10: NO | D10: 3 | E10: 0.019274 | F10: =(2*Table1[[#This Row],[TOTAL_FORCE_X]])/(Parameters!$B$2*Table1[[#This Row],[Velocity(m/s)]]^2*Table1[[#This Row],[Reference area]]) -> 0.55709233 | K10: 35.506943 | L10: -1.8500764 | M10: 134.37803 | N10: 49.481068 | O10: -1.8507429 | P10: 133.58221 | Q10: 13.974125 | R10: -0.00066647243 | S10: -0.79582096
A11: 10 | B11: 0.8 | C11: YES | D11: 3 | E11: 0.009637
A12: 11 | B12: 1.2 | C12: YES | D12: 3 | E12: 0.0144555 | F12: 0.55
A13: 12 | B13: 1.6 | C13: YES | D13: 3 | E13: 0.019274 | F13: 0.58163728 | G13: 1.4204992 | H13: 1.1575805 | I13: 0.26291867 | J13: 0.44733093 | K13: 40.644238 | L13: 3.097064 | M13: 134.14759 | N13: 54.578436 | O13: 3.0753066 | P13: 133.29377 | Q13: 13.934199 | R13: -0.021757444 | S13: -0.85382138
